{"cameraMode":{"drawMode":0,"name":"Shaded","section":"Shading Mode"},"sceneLighting":true,"audioPlay":false,"sceneViewState":{"showFog":false,"showMaterialUpdate":false,"showSkybox":false,"showFlares":false,"showImageEffects":false,"showParticleSystems":true},"in2DMode":false,"pivot":{"x":13.439720153808594,"y":21.5635986328125,"z":-12.489879608154297},"rotation":{"x":-0.24349986016750337,"y":0.11662965267896652,"z":-0.02950851432979107,"w":-0.962411105632782},"size":-1.731048345565796,"orthographic":false}